
INSERT INTO categories (name) VALUES ('Form');
INSERT INTO categories (name) VALUES ('Project');
INSERT INTO categories (name) VALUES ('Ten');
INSERT INTO categories (name) VALUES ('Challenge');
INSERT INTO categories (name) VALUES ('Bed');
INSERT INTO categories (name) VALUES ('Scientist');
INSERT INTO categories (name) VALUES ('Including');
INSERT INTO categories (name) VALUES ('Quickly');
INSERT INTO categories (name) VALUES ('Particularly');
INSERT INTO categories (name) VALUES ('So');
INSERT INTO categories (name) VALUES ('Down');
INSERT INTO categories (name) VALUES ('Anything');
INSERT INTO categories (name) VALUES ('Determine');
INSERT INTO categories (name) VALUES ('Itself');
INSERT INTO categories (name) VALUES ('Who');
INSERT INTO categories (name) VALUES ('Wide');
INSERT INTO categories (name) VALUES ('Weight');
INSERT INTO categories (name) VALUES ('Ahead');
INSERT INTO categories (name) VALUES ('Anyone');
INSERT INTO categories (name) VALUES ('Place');
INSERT INTO categories (name) VALUES ('Station');
INSERT INTO categories (name) VALUES ('Inside');
INSERT INTO categories (name) VALUES ('Cause');
INSERT INTO categories (name) VALUES ('Opportunity');
INSERT INTO categories (name) VALUES ('Side');
INSERT INTO categories (name) VALUES ('Score');
INSERT INTO categories (name) VALUES ('Finish');
INSERT INTO categories (name) VALUES ('Investment');
INSERT INTO categories (name) VALUES ('Interview');
INSERT INTO categories (name) VALUES ('Wait');
INSERT INTO categories (name) VALUES ('These');
INSERT INTO categories (name) VALUES ('Office');
INSERT INTO categories (name) VALUES ('Around');
INSERT INTO categories (name) VALUES ('Situation');
INSERT INTO categories (name) VALUES ('Think');
INSERT INTO categories (name) VALUES ('Like');
INSERT INTO categories (name) VALUES ('Unit');
INSERT INTO categories (name) VALUES ('Occur');
INSERT INTO categories (name) VALUES ('Check');
INSERT INTO categories (name) VALUES ('Option');
INSERT INTO categories (name) VALUES ('Year');
INSERT INTO categories (name) VALUES ('Week');
INSERT INTO categories (name) VALUES ('Care');
INSERT INTO categories (name) VALUES ('Quickly');
INSERT INTO categories (name) VALUES ('Despite');
INSERT INTO categories (name) VALUES ('Per');
INSERT INTO categories (name) VALUES ('Concern');
INSERT INTO categories (name) VALUES ('Then');
INSERT INTO categories (name) VALUES ('Behind');
INSERT INTO categories (name) VALUES ('Part');

INSERT INTO users (full_name, email, address, created_at) 
    VALUES ('Derek Lewis', 'millskimberly@fowler.com', '50525 Christopher Fords
Shannonfort, ND 69503', '2020-09-19 02:08:52');
INSERT INTO users (full_name, email, address, created_at) 
    VALUES ('Jeffrey Frank', 'ostone@gmail.com', '12206 Elizabeth Pine Suite 945
Moralesmouth, TN 82072', '2023-12-21 03:16:34');
INSERT INTO users (full_name, email, address, created_at) 
    VALUES ('Crystal Shaw', 'matthew80@gmail.com', '56938 April Creek Apt. 950
Hectorview, NJ 99587', '2023-07-26 01:32:19');
INSERT INTO users (full_name, email, address, created_at) 
    VALUES ('Matthew Young', 'frances20@hotmail.com', '4973 Jasmine Road
New Scott, MD 56853', '2024-10-30 08:11:18');
INSERT INTO users (full_name, email, address, created_at) 
    VALUES ('Sharon Thomas', 'yyoung@yahoo.com', '89573 Hanson Drive Suite 324
New Janet, DE 59076', '2024-01-30 18:12:08');
INSERT INTO users (full_name, email, address, created_at) 
    VALUES ('Christopher Howard', 'fernandezrebecca@price-hunt.com', '003 Cassandra Estates Suite 148
Haleychester, MD 88806', '2023-04-12 07:08:12');
INSERT INTO users (full_name, email, address, created_at) 
    VALUES ('Thomas Stafford', 'kathryngilbert@hotmail.com', '5311 William Brook Suite 919
North Blake, VA 41407', '2020-10-11 05:07:28');
INSERT INTO users (full_name, email, address, created_at) 
    VALUES ('Sheila Mckinney', 'kenneth29@taylor.com', '94312 Dickson Falls Apt. 905
Gregoryview, VA 92174', '2025-04-03 21:35:27');
INSERT INTO users (full_name, email, address, created_at) 
    VALUES ('Sharon Conner', 'shannonmadison@ray.info', '27573 Leonard Field Apt. 574
Amandaport, LA 72901', '2023-05-04 08:22:17');
INSERT INTO users (full_name, email, address, created_at) 
    VALUES ('James Finley', 'jenniferhardin@thomas-green.net', '147 Bennett Center
Marissafurt, VA 50826', '2024-09-03 11:29:05');
INSERT INTO users (full_name, email, address, created_at) 
    VALUES ('Michael Weaver', 'torresscott@hinton.com', '87203 John Rapid Suite 618
New James, CO 25596', '2020-11-05 13:37:17');
INSERT INTO users (full_name, email, address, created_at) 
    VALUES ('Lindsey Pierce', 'qhancock@hotmail.com', '5303 Lewis Springs
Port Adrian, NH 62346', '2020-10-10 23:55:20');
INSERT INTO users (full_name, email, address, created_at) 
    VALUES ('Sara Roberts', 'natalie19@gmail.com', '913 Robert Garden Apt. 742
Jocelynberg, NY 42636', '2022-09-21 19:24:20');
INSERT INTO users (full_name, email, address, created_at) 
    VALUES ('Angela Mckee', 'virginiaboyd@curtis-rojas.biz', '42839 Bell Prairie Apt. 964
North Shelly, NV 70785', '2023-08-09 18:03:59');
INSERT INTO users (full_name, email, address, created_at) 
    VALUES ('Sara Evans', 'flemingdeborah@gmail.com', '009 Steven Green
Jacquelinefurt, IA 82460', '2021-01-13 22:55:07');
INSERT INTO users (full_name, email, address, created_at) 
    VALUES ('Lauren Luna', 'osantos@smith.org', '299 Carlos Harbors
West Cindyshire, KS 76302', '2023-07-28 10:06:47');
INSERT INTO users (full_name, email, address, created_at) 
    VALUES ('Michelle Thomas DVM', 'marvin66@terrell.com', '238 Shawn Well
Port Johnshire, OH 17431', '2022-10-28 03:22:15');
INSERT INTO users (full_name, email, address, created_at) 
    VALUES ('Mary Mcneil', 'cody43@green.com', '704 Mcdonald Ville Apt. 204
Port Paulview, NM 62213', '2022-04-02 12:23:09');
INSERT INTO users (full_name, email, address, created_at) 
    VALUES ('Brandi Jimenez', 'clarkjose@valencia.com', '6213 Juarez Mountains
Thompsonstad, NE 54258', '2023-02-06 20:50:15');
INSERT INTO users (full_name, email, address, created_at) 
    VALUES ('Victoria Grant', 'codyherring@hotmail.com', '736 Robert Spring Suite 924
Alisonside, TX 44721', '2020-01-01 10:00:44');
INSERT INTO users (full_name, email, address, created_at) 
    VALUES ('April Morgan', 'pbradford@yahoo.com', '8276 Dakota Coves Suite 348
New Kimberlyland, ND 81308', '2022-06-15 22:14:52');
INSERT INTO users (full_name, email, address, created_at) 
    VALUES ('Danielle Copeland', 'dmartin@strong-benson.info', '601 Kyle Roads
Clarkfurt, NH 85059', '2025-01-21 07:20:09');
INSERT INTO users (full_name, email, address, created_at) 
    VALUES ('Sara Lopez', 'mwaller@campbell.com', '454 Jacob Forges Suite 505
Howellport, IA 03255', '2020-11-12 15:22:46');
INSERT INTO users (full_name, email, address, created_at) 
    VALUES ('Joseph Santana', 'mbean@arnold-johnson.biz', '0393 Tracy Curve Apt. 886
Jaredchester, ND 63045', '2022-11-30 19:48:00');
INSERT INTO users (full_name, email, address, created_at) 
    VALUES ('April Jensen', 'spadilla@yahoo.com', '56663 Washington Locks
Lake Ryanport, NM 20687', '2023-05-24 21:57:59');
INSERT INTO users (full_name, email, address, created_at) 
    VALUES ('Jessica Novak', 'tkelley@yahoo.com', '0677 Jones Forks
Jerrytown, MA 20947', '2021-07-22 17:12:29');
INSERT INTO users (full_name, email, address, created_at) 
    VALUES ('Kathleen Jones', 'sherryjohnson@mayo.biz', '6748 Erik Estate
Lake Darrylport, ME 40059', '2023-04-30 09:01:50');
INSERT INTO users (full_name, email, address, created_at) 
    VALUES ('Robert Rivera', 'browndebra@yahoo.com', '483 Liu Manors Apt. 015
West Kyletown, RI 06150', '2021-04-29 03:49:18');
INSERT INTO users (full_name, email, address, created_at) 
    VALUES ('Shawna Harrison', 'andrewnewton@flynn.com', '17611 Robbins Mission
New Curtis, MN 96166', '2023-08-04 12:35:35');
INSERT INTO users (full_name, email, address, created_at) 
    VALUES ('Angela Hunter', 'clintonmoody@kemp-rice.com', '3912 Horn Lakes Suite 585
North Aaronview, TX 91306', '2021-10-12 20:36:32');
INSERT INTO users (full_name, email, address, created_at) 
    VALUES ('Breanna Wilson', 'restrada@yahoo.com', '55318 Thomas Glen
Jakeville, TN 90991', '2022-01-24 20:21:01');
INSERT INTO users (full_name, email, address, created_at) 
    VALUES ('James Garcia', 'cgrant@hotmail.com', '68424 Julie Grove Apt. 560
Jeremyburgh, MN 69154', '2020-12-18 08:06:38');
INSERT INTO users (full_name, email, address, created_at) 
    VALUES ('Curtis Bradley', 'smitchell@williams.com', '98308 Shawn Plains Suite 995
Michaeltown, MN 24886', '2024-01-30 23:30:46');
INSERT INTO users (full_name, email, address, created_at) 
    VALUES ('Crystal Becker', 'estradasarah@hotmail.com', '2266 Wilcox Street Apt. 412
West Rhondaburgh, FL 33307', '2021-07-01 23:04:36');
INSERT INTO users (full_name, email, address, created_at) 
    VALUES ('Joseph Newman', 'hhenry@yahoo.com', '4698 Vincent Rue Apt. 646
North Robertland, KY 93886', '2020-03-20 01:42:38');
INSERT INTO users (full_name, email, address, created_at) 
    VALUES ('Michael Price', 'jwarren@hotmail.com', '290 Clark Meadows Apt. 312
Fullerfort, NV 91571', '2021-04-25 02:40:10');
INSERT INTO users (full_name, email, address, created_at) 
    VALUES ('Tyler King MD', 'wardwilliam@li-santos.org', '221 Lee Burg
Ruizshire, AR 18757', '2023-12-20 05:19:04');
INSERT INTO users (full_name, email, address, created_at) 
    VALUES ('Kristine Miller', 'nicoledurham@gmail.com', '144 White Avenue
Sullivanborough, MT 35472', '2024-02-19 21:35:57');
INSERT INTO users (full_name, email, address, created_at) 
    VALUES ('Johnathan Bennett', 'kathleenfuller@gmail.com', '5547 Sanchez Mountain
Lake Matthew, NM 20731', '2020-10-28 01:18:36');
INSERT INTO users (full_name, email, address, created_at) 
    VALUES ('Lindsey Daniel', 'guerrerofrank@bates-duarte.com', '5034 Geoffrey Point Apt. 731
Peggyville, MS 98047', '2020-10-04 07:00:12');
INSERT INTO users (full_name, email, address, created_at) 
    VALUES ('John Taylor', 'morseedward@conley.com', '46287 Gallagher Road
Lake Lindsey, HI 21713', '2020-09-23 04:12:07');
INSERT INTO users (full_name, email, address, created_at) 
    VALUES ('Joseph Valenzuela', 'qbooth@gmail.com', '7025 Victor Fort Apt. 276
West Karenville, DC 26627', '2022-01-05 21:50:04');
INSERT INTO users (full_name, email, address, created_at) 
    VALUES ('Emily Crawford', 'qvalenzuela@yahoo.com', '924 Vincent Station
West Scottville, NH 69990', '2024-06-29 20:26:39');
INSERT INTO users (full_name, email, address, created_at) 
    VALUES ('Kristine Mclaughlin', 'ystewart@yahoo.com', '2807 Aaron Points Apt. 210
Rebeccaborough, CA 89004', '2020-05-28 21:01:10');
INSERT INTO users (full_name, email, address, created_at) 
    VALUES ('Monique Jacobson', 'hdowns@hotmail.com', '3609 Ashley Mission Apt. 623
New Daisymouth, KY 39148', '2023-11-06 13:43:39');
INSERT INTO users (full_name, email, address, created_at) 
    VALUES ('Jason Rivera', 'scott85@yahoo.com', '0374 Patterson Streets Apt. 273
New Shelley, CA 35979', '2024-04-10 13:13:59');
INSERT INTO users (full_name, email, address, created_at) 
    VALUES ('Carla Bond', 'olsonjohn@gmail.com', '011 Dylan Fords
Michaelville, NM 16965', '2022-11-08 20:07:30');
INSERT INTO users (full_name, email, address, created_at) 
    VALUES ('Kelly Lawson', 'cody61@hotmail.com', 'PSC 2244, Box 5275
APO AP 13613', '2020-10-07 16:27:55');
INSERT INTO users (full_name, email, address, created_at) 
    VALUES ('Antonio Cooper', 'sara91@jones-franklin.com', '5218 Acevedo Avenue
Port Donald, OK 44770', '2023-11-12 01:26:35');
INSERT INTO users (full_name, email, address, created_at) 
    VALUES ('Melissa Moody', 'zcampbell@gmail.com', '24549 Tracy Mills Apt. 952
Aguirreport, HI 76211', '2021-05-01 18:21:25');

INSERT INTO products (name, price, stock, category_id) 
    VALUES ('Bar', 29.59, 75, 1);
INSERT INTO products (name, price, stock, category_id) 
    VALUES ('Know', 451.52, 143, 2);
INSERT INTO products (name, price, stock, category_id) 
    VALUES ('Treatment', 336.59, 156, 3);
INSERT INTO products (name, price, stock, category_id) 
    VALUES ('Sometimes', 439.18, 68, 4);
INSERT INTO products (name, price, stock, category_id) 
    VALUES ('Music', 55.8, 170, 5);
INSERT INTO products (name, price, stock, category_id) 
    VALUES ('Treat', 391.9, 188, 6);
INSERT INTO products (name, price, stock, category_id) 
    VALUES ('Local', 266.62, 139, 7);
INSERT INTO products (name, price, stock, category_id) 
    VALUES ('True', 159.6, 39, 8);
INSERT INTO products (name, price, stock, category_id) 
    VALUES ('Teacher', 81.39, 154, 9);
INSERT INTO products (name, price, stock, category_id) 
    VALUES ('Wind', 216.81, 31, 10);
INSERT INTO products (name, price, stock, category_id) 
    VALUES ('Nor', 468.52, 116, 11);
INSERT INTO products (name, price, stock, category_id) 
    VALUES ('Quality', 40.83, 116, 12);
INSERT INTO products (name, price, stock, category_id) 
    VALUES ('Start', 389.17, 197, 13);
INSERT INTO products (name, price, stock, category_id) 
    VALUES ('Certainly', 477.73, 124, 14);
INSERT INTO products (name, price, stock, category_id) 
    VALUES ('Whatever', 221.23, 116, 15);
INSERT INTO products (name, price, stock, category_id) 
    VALUES ('Kitchen', 24.77, 93, 16);
INSERT INTO products (name, price, stock, category_id) 
    VALUES ('Term', 364.05, 30, 17);
INSERT INTO products (name, price, stock, category_id) 
    VALUES ('Group', 182.73, 41, 18);
INSERT INTO products (name, price, stock, category_id) 
    VALUES ('Cause', 186.03, 17, 19);
INSERT INTO products (name, price, stock, category_id) 
    VALUES ('Role', 179.27, 55, 20);
INSERT INTO products (name, price, stock, category_id) 
    VALUES ('Worker', 14.88, 69, 21);
INSERT INTO products (name, price, stock, category_id) 
    VALUES ('Or', 411.31, 28, 22);
INSERT INTO products (name, price, stock, category_id) 
    VALUES ('Here', 302.33, 46, 23);
INSERT INTO products (name, price, stock, category_id) 
    VALUES ('Perhaps', 111.91, 62, 24);
INSERT INTO products (name, price, stock, category_id) 
    VALUES ('Concern', 332.92, 197, 25);
INSERT INTO products (name, price, stock, category_id) 
    VALUES ('Tax', 469.75, 41, 26);
INSERT INTO products (name, price, stock, category_id) 
    VALUES ('Beautiful', 376.51, 85, 27);
INSERT INTO products (name, price, stock, category_id) 
    VALUES ('Better', 190.87, 16, 28);
INSERT INTO products (name, price, stock, category_id) 
    VALUES ('Eight', 467.07, 69, 29);
INSERT INTO products (name, price, stock, category_id) 
    VALUES ('Budget', 431.0, 57, 30);
INSERT INTO products (name, price, stock, category_id) 
    VALUES ('Degree', 232.48, 132, 31);
INSERT INTO products (name, price, stock, category_id) 
    VALUES ('Mean', 178.78, 76, 32);
INSERT INTO products (name, price, stock, category_id) 
    VALUES ('West', 73.78, 63, 33);
INSERT INTO products (name, price, stock, category_id) 
    VALUES ('Series', 187.5, 131, 34);
INSERT INTO products (name, price, stock, category_id) 
    VALUES ('Through', 480.84, 85, 35);
INSERT INTO products (name, price, stock, category_id) 
    VALUES ('Real', 469.19, 151, 36);
INSERT INTO products (name, price, stock, category_id) 
    VALUES ('Yes', 321.6, 57, 37);
INSERT INTO products (name, price, stock, category_id) 
    VALUES ('Dark', 300.58, 30, 38);
INSERT INTO products (name, price, stock, category_id) 
    VALUES ('Ahead', 60.26, 158, 39);
INSERT INTO products (name, price, stock, category_id) 
    VALUES ('Student', 160.8, 106, 40);
INSERT INTO products (name, price, stock, category_id) 
    VALUES ('Tough', 449.86, 42, 41);
INSERT INTO products (name, price, stock, category_id) 
    VALUES ('However', 404.15, 90, 42);
INSERT INTO products (name, price, stock, category_id) 
    VALUES ('Girl', 259.08, 70, 43);
INSERT INTO products (name, price, stock, category_id) 
    VALUES ('Everything', 379.88, 84, 44);
INSERT INTO products (name, price, stock, category_id) 
    VALUES ('Hear', 192.51, 179, 45);
INSERT INTO products (name, price, stock, category_id) 
    VALUES ('Performance', 32.67, 43, 46);
INSERT INTO products (name, price, stock, category_id) 
    VALUES ('Entire', 304.59, 110, 47);
INSERT INTO products (name, price, stock, category_id) 
    VALUES ('Level', 48.18, 28, 48);
INSERT INTO products (name, price, stock, category_id) 
    VALUES ('When', 74.69, 86, 49);
INSERT INTO products (name, price, stock, category_id) 
    VALUES ('Natural', 279.88, 199, 50);

INSERT INTO orders (user_id, order_date, status) 
    VALUES (1, '2025-01-08 10:51:03', 'shipped');
INSERT INTO orders (user_id, order_date, status) 
    VALUES (2, '2025-03-02 11:50:14', 'cancelled');
INSERT INTO orders (user_id, order_date, status) 
    VALUES (3, '2025-03-28 13:27:33', 'delivered');
INSERT INTO orders (user_id, order_date, status) 
    VALUES (4, '2025-03-26 04:12:39', 'delivered');
INSERT INTO orders (user_id, order_date, status) 
    VALUES (5, '2025-02-13 06:28:02', 'pending');
INSERT INTO orders (user_id, order_date, status) 
    VALUES (6, '2025-04-02 23:52:04', 'shipped');
INSERT INTO orders (user_id, order_date, status) 
    VALUES (7, '2025-01-03 21:12:18', 'cancelled');
INSERT INTO orders (user_id, order_date, status) 
    VALUES (8, '2025-04-12 07:28:33', 'delivered');
INSERT INTO orders (user_id, order_date, status) 
    VALUES (9, '2025-03-18 19:13:57', 'pending');
INSERT INTO orders (user_id, order_date, status) 
    VALUES (10, '2025-03-07 10:17:04', 'cancelled');
INSERT INTO orders (user_id, order_date, status) 
    VALUES (11, '2025-02-11 15:02:55', 'cancelled');
INSERT INTO orders (user_id, order_date, status) 
    VALUES (12, '2025-04-20 06:28:07', 'pending');
INSERT INTO orders (user_id, order_date, status) 
    VALUES (13, '2025-03-09 17:56:34', 'cancelled');
INSERT INTO orders (user_id, order_date, status) 
    VALUES (14, '2025-02-27 00:26:20', 'delivered');
INSERT INTO orders (user_id, order_date, status) 
    VALUES (15, '2025-02-01 14:25:10', 'cancelled');
INSERT INTO orders (user_id, order_date, status) 
    VALUES (16, '2025-02-04 09:10:09', 'shipped');
INSERT INTO orders (user_id, order_date, status) 
    VALUES (17, '2025-02-24 13:57:45', 'delivered');
INSERT INTO orders (user_id, order_date, status) 
    VALUES (18, '2025-02-08 18:41:17', 'delivered');
INSERT INTO orders (user_id, order_date, status) 
    VALUES (19, '2025-01-24 01:32:28', 'cancelled');
INSERT INTO orders (user_id, order_date, status) 
    VALUES (20, '2025-03-10 10:45:34', 'pending');
INSERT INTO orders (user_id, order_date, status) 
    VALUES (21, '2025-03-15 09:31:32', 'shipped');
INSERT INTO orders (user_id, order_date, status) 
    VALUES (22, '2025-01-30 23:19:00', 'pending');
INSERT INTO orders (user_id, order_date, status) 
    VALUES (23, '2025-02-28 14:29:21', 'delivered');
INSERT INTO orders (user_id, order_date, status) 
    VALUES (24, '2025-02-19 15:29:28', 'pending');
INSERT INTO orders (user_id, order_date, status) 
    VALUES (25, '2025-02-02 13:30:41', 'shipped');
INSERT INTO orders (user_id, order_date, status) 
    VALUES (26, '2025-03-20 18:50:28', 'cancelled');
INSERT INTO orders (user_id, order_date, status) 
    VALUES (27, '2025-01-06 09:03:29', 'cancelled');
INSERT INTO orders (user_id, order_date, status) 
    VALUES (28, '2025-01-16 01:54:13', 'shipped');
INSERT INTO orders (user_id, order_date, status) 
    VALUES (29, '2025-02-06 01:56:26', 'cancelled');
INSERT INTO orders (user_id, order_date, status) 
    VALUES (30, '2025-03-17 19:04:01', 'cancelled');
INSERT INTO orders (user_id, order_date, status) 
    VALUES (31, '2025-03-21 22:44:19', 'shipped');
INSERT INTO orders (user_id, order_date, status) 
    VALUES (32, '2025-01-16 05:00:49', 'shipped');
INSERT INTO orders (user_id, order_date, status) 
    VALUES (33, '2025-01-15 22:14:54', 'cancelled');
INSERT INTO orders (user_id, order_date, status) 
    VALUES (34, '2025-04-21 13:48:46', 'delivered');
INSERT INTO orders (user_id, order_date, status) 
    VALUES (35, '2025-02-18 12:55:47', 'shipped');
INSERT INTO orders (user_id, order_date, status) 
    VALUES (36, '2025-04-15 00:30:28', 'delivered');
INSERT INTO orders (user_id, order_date, status) 
    VALUES (37, '2025-01-14 02:05:28', 'cancelled');
INSERT INTO orders (user_id, order_date, status) 
    VALUES (38, '2025-02-11 22:18:41', 'pending');
INSERT INTO orders (user_id, order_date, status) 
    VALUES (39, '2025-03-04 22:01:01', 'cancelled');
INSERT INTO orders (user_id, order_date, status) 
    VALUES (40, '2025-03-29 21:44:06', 'shipped');
INSERT INTO orders (user_id, order_date, status) 
    VALUES (41, '2025-04-19 07:58:07', 'delivered');
INSERT INTO orders (user_id, order_date, status) 
    VALUES (42, '2025-01-20 01:19:46', 'pending');
INSERT INTO orders (user_id, order_date, status) 
    VALUES (43, '2025-02-02 22:08:26', 'cancelled');
INSERT INTO orders (user_id, order_date, status) 
    VALUES (44, '2025-01-31 23:46:24', 'cancelled');
INSERT INTO orders (user_id, order_date, status) 
    VALUES (45, '2025-01-10 09:19:37', 'pending');
INSERT INTO orders (user_id, order_date, status) 
    VALUES (46, '2025-03-27 00:46:00', 'shipped');
INSERT INTO orders (user_id, order_date, status) 
    VALUES (47, '2025-02-20 12:29:03', 'delivered');
INSERT INTO orders (user_id, order_date, status) 
    VALUES (48, '2025-02-11 12:23:58', 'pending');
INSERT INTO orders (user_id, order_date, status) 
    VALUES (49, '2025-04-15 04:50:18', 'delivered');
INSERT INTO orders (user_id, order_date, status) 
    VALUES (50, '2025-01-12 19:42:48', 'shipped');

INSERT INTO order_items (order_id, product_id, quantity, price) 
    VALUES (28, 46, 4, 55.35);
INSERT INTO order_items (order_id, product_id, quantity, price) 
    VALUES (32, 49, 2, 276.43);
INSERT INTO order_items (order_id, product_id, quantity, price) 
    VALUES (26, 18, 1, 69.21);
INSERT INTO order_items (order_id, product_id, quantity, price) 
    VALUES (43, 3, 1, 135.72);
INSERT INTO order_items (order_id, product_id, quantity, price) 
    VALUES (34, 38, 4, 227.85);
INSERT INTO order_items (order_id, product_id, quantity, price) 
    VALUES (48, 17, 3, 148.86);
INSERT INTO order_items (order_id, product_id, quantity, price) 
    VALUES (49, 44, 2, 301.75);
INSERT INTO order_items (order_id, product_id, quantity, price) 
    VALUES (3, 5, 3, 159.75);
INSERT INTO order_items (order_id, product_id, quantity, price) 
    VALUES (22, 8, 5, 431.13);
INSERT INTO order_items (order_id, product_id, quantity, price) 
    VALUES (49, 11, 1, 213.27);
INSERT INTO order_items (order_id, product_id, quantity, price) 
    VALUES (19, 19, 5, 75.87);
INSERT INTO order_items (order_id, product_id, quantity, price) 
    VALUES (34, 41, 2, 270.37);
INSERT INTO order_items (order_id, product_id, quantity, price) 
    VALUES (27, 41, 5, 207.67);
INSERT INTO order_items (order_id, product_id, quantity, price) 
    VALUES (50, 18, 3, 226.76);
INSERT INTO order_items (order_id, product_id, quantity, price) 
    VALUES (37, 41, 2, 86.96);
INSERT INTO order_items (order_id, product_id, quantity, price) 
    VALUES (45, 8, 4, 206.6);
INSERT INTO order_items (order_id, product_id, quantity, price) 
    VALUES (30, 9, 5, 337.45);
INSERT INTO order_items (order_id, product_id, quantity, price) 
    VALUES (23, 41, 4, 373.75);
INSERT INTO order_items (order_id, product_id, quantity, price) 
    VALUES (14, 31, 4, 350.4);
INSERT INTO order_items (order_id, product_id, quantity, price) 
    VALUES (21, 32, 1, 227.55);
INSERT INTO order_items (order_id, product_id, quantity, price) 
    VALUES (10, 48, 4, 35.68);
INSERT INTO order_items (order_id, product_id, quantity, price) 
    VALUES (40, 14, 1, 184.15);
INSERT INTO order_items (order_id, product_id, quantity, price) 
    VALUES (26, 1, 5, 489.66);
INSERT INTO order_items (order_id, product_id, quantity, price) 
    VALUES (44, 6, 4, 13.15);
INSERT INTO order_items (order_id, product_id, quantity, price) 
    VALUES (3, 8, 5, 11.83);
INSERT INTO order_items (order_id, product_id, quantity, price) 
    VALUES (18, 41, 3, 366.28);
INSERT INTO order_items (order_id, product_id, quantity, price) 
    VALUES (15, 10, 5, 151.08);
INSERT INTO order_items (order_id, product_id, quantity, price) 
    VALUES (7, 28, 4, 361.01);
INSERT INTO order_items (order_id, product_id, quantity, price) 
    VALUES (25, 11, 3, 216.64);
INSERT INTO order_items (order_id, product_id, quantity, price) 
    VALUES (44, 28, 2, 229.17);
INSERT INTO order_items (order_id, product_id, quantity, price) 
    VALUES (46, 10, 5, 164.88);
INSERT INTO order_items (order_id, product_id, quantity, price) 
    VALUES (14, 12, 4, 181.09);
INSERT INTO order_items (order_id, product_id, quantity, price) 
    VALUES (25, 28, 4, 200.87);
INSERT INTO order_items (order_id, product_id, quantity, price) 
    VALUES (15, 13, 4, 470.62);
INSERT INTO order_items (order_id, product_id, quantity, price) 
    VALUES (38, 46, 1, 453.85);
INSERT INTO order_items (order_id, product_id, quantity, price) 
    VALUES (3, 15, 1, 436.79);
INSERT INTO order_items (order_id, product_id, quantity, price) 
    VALUES (24, 4, 2, 124.2);
INSERT INTO order_items (order_id, product_id, quantity, price) 
    VALUES (20, 40, 1, 355.41);
INSERT INTO order_items (order_id, product_id, quantity, price) 
    VALUES (33, 49, 3, 388.0);
INSERT INTO order_items (order_id, product_id, quantity, price) 
    VALUES (23, 27, 4, 36.43);
INSERT INTO order_items (order_id, product_id, quantity, price) 
    VALUES (45, 34, 5, 465.58);
INSERT INTO order_items (order_id, product_id, quantity, price) 
    VALUES (28, 38, 4, 250.2);
INSERT INTO order_items (order_id, product_id, quantity, price) 
    VALUES (46, 31, 2, 175.23);
INSERT INTO order_items (order_id, product_id, quantity, price) 
    VALUES (3, 3, 1, 89.8);
INSERT INTO order_items (order_id, product_id, quantity, price) 
    VALUES (1, 19, 1, 78.8);
INSERT INTO order_items (order_id, product_id, quantity, price) 
    VALUES (28, 44, 2, 485.63);
INSERT INTO order_items (order_id, product_id, quantity, price) 
    VALUES (26, 36, 2, 232.32);
INSERT INTO order_items (order_id, product_id, quantity, price) 
    VALUES (22, 39, 1, 307.11);
INSERT INTO order_items (order_id, product_id, quantity, price) 
    VALUES (6, 21, 3, 272.59);
INSERT INTO order_items (order_id, product_id, quantity, price) 
    VALUES (21, 17, 1, 265.78);

INSERT INTO payments (order_id, amount, payment_method, paid_at) 
    VALUES (1, 206.33, 'credit_card', '2025-04-06 20:20:41');
INSERT INTO payments (order_id, amount, payment_method, paid_at) 
    VALUES (2, 225.4, 'bank_transfer', '2025-01-15 05:26:51');
INSERT INTO payments (order_id, amount, payment_method, paid_at) 
    VALUES (3, 358.83, 'credit_card', '2025-01-04 06:25:13');
INSERT INTO payments (order_id, amount, payment_method, paid_at) 
    VALUES (4, 266.25, 'bank_transfer', '2025-01-10 11:18:47');
INSERT INTO payments (order_id, amount, payment_method, paid_at) 
    VALUES (5, 740.89, 'paypal', '2025-02-06 12:38:21');
INSERT INTO payments (order_id, amount, payment_method, paid_at) 
    VALUES (6, 526.56, 'paypal', '2025-02-03 06:29:30');
INSERT INTO payments (order_id, amount, payment_method, paid_at) 
    VALUES (7, 269.55, 'paypal', '2025-04-06 15:33:00');
INSERT INTO payments (order_id, amount, payment_method, paid_at) 
    VALUES (8, 874.54, 'credit_card', '2025-02-08 16:41:48');
INSERT INTO payments (order_id, amount, payment_method, paid_at) 
    VALUES (9, 63.61, 'bank_transfer', '2025-04-12 03:57:27');
INSERT INTO payments (order_id, amount, payment_method, paid_at) 
    VALUES (10, 90.89, 'paypal', '2025-02-26 11:42:18');
INSERT INTO payments (order_id, amount, payment_method, paid_at) 
    VALUES (11, 505.39, 'paypal', '2025-04-21 06:38:42');
INSERT INTO payments (order_id, amount, payment_method, paid_at) 
    VALUES (12, 66.52, 'paypal', '2025-01-18 00:26:50');
INSERT INTO payments (order_id, amount, payment_method, paid_at) 
    VALUES (13, 979.32, 'paypal', '2025-01-30 04:39:05');
INSERT INTO payments (order_id, amount, payment_method, paid_at) 
    VALUES (14, 451.31, 'credit_card', '2025-03-14 08:54:51');
INSERT INTO payments (order_id, amount, payment_method, paid_at) 
    VALUES (15, 99.85, 'credit_card', '2025-04-16 21:35:39');
INSERT INTO payments (order_id, amount, payment_method, paid_at) 
    VALUES (16, 829.74, 'credit_card', '2025-01-01 03:49:41');
INSERT INTO payments (order_id, amount, payment_method, paid_at) 
    VALUES (17, 425.73, 'credit_card', '2025-03-06 22:26:40');
INSERT INTO payments (order_id, amount, payment_method, paid_at) 
    VALUES (18, 451.83, 'credit_card', '2025-03-02 03:46:55');
INSERT INTO payments (order_id, amount, payment_method, paid_at) 
    VALUES (19, 821.65, 'bank_transfer', '2025-04-17 03:06:54');
INSERT INTO payments (order_id, amount, payment_method, paid_at) 
    VALUES (20, 759.73, 'paypal', '2025-02-13 22:05:34');
INSERT INTO payments (order_id, amount, payment_method, paid_at) 
    VALUES (21, 58.56, 'credit_card', '2025-02-28 23:46:31');
INSERT INTO payments (order_id, amount, payment_method, paid_at) 
    VALUES (22, 264.73, 'credit_card', '2025-01-03 08:45:48');
INSERT INTO payments (order_id, amount, payment_method, paid_at) 
    VALUES (23, 145.52, 'paypal', '2025-03-22 02:53:45');
INSERT INTO payments (order_id, amount, payment_method, paid_at) 
    VALUES (24, 935.77, 'paypal', '2025-03-10 17:57:13');
INSERT INTO payments (order_id, amount, payment_method, paid_at) 
    VALUES (25, 994.78, 'credit_card', '2025-01-14 18:21:08');
INSERT INTO payments (order_id, amount, payment_method, paid_at) 
    VALUES (26, 565.91, 'paypal', '2025-03-05 19:57:08');
INSERT INTO payments (order_id, amount, payment_method, paid_at) 
    VALUES (27, 617.88, 'credit_card', '2025-02-24 08:41:42');
INSERT INTO payments (order_id, amount, payment_method, paid_at) 
    VALUES (28, 716.85, 'paypal', '2025-03-09 04:20:55');
INSERT INTO payments (order_id, amount, payment_method, paid_at) 
    VALUES (29, 523.75, 'paypal', '2025-01-20 12:07:09');
INSERT INTO payments (order_id, amount, payment_method, paid_at) 
    VALUES (30, 545.44, 'paypal', '2025-02-28 07:55:56');
INSERT INTO payments (order_id, amount, payment_method, paid_at) 
    VALUES (31, 287.1, 'credit_card', '2025-04-20 12:49:59');
INSERT INTO payments (order_id, amount, payment_method, paid_at) 
    VALUES (32, 136.36, 'bank_transfer', '2025-01-29 22:48:45');
INSERT INTO payments (order_id, amount, payment_method, paid_at) 
    VALUES (33, 116.92, 'bank_transfer', '2025-03-10 08:56:34');
INSERT INTO payments (order_id, amount, payment_method, paid_at) 
    VALUES (34, 426.37, 'credit_card', '2025-01-08 10:44:24');
INSERT INTO payments (order_id, amount, payment_method, paid_at) 
    VALUES (35, 298.87, 'bank_transfer', '2025-01-03 19:34:05');
INSERT INTO payments (order_id, amount, payment_method, paid_at) 
    VALUES (36, 997.21, 'credit_card', '2025-03-19 18:21:41');
INSERT INTO payments (order_id, amount, payment_method, paid_at) 
    VALUES (37, 747.08, 'bank_transfer', '2025-01-02 15:29:38');
INSERT INTO payments (order_id, amount, payment_method, paid_at) 
    VALUES (38, 439.7, 'credit_card', '2025-03-25 21:07:50');
INSERT INTO payments (order_id, amount, payment_method, paid_at) 
    VALUES (39, 139.36, 'bank_transfer', '2025-02-15 07:59:46');
INSERT INTO payments (order_id, amount, payment_method, paid_at) 
    VALUES (40, 287.04, 'bank_transfer', '2025-03-25 14:58:58');
INSERT INTO payments (order_id, amount, payment_method, paid_at) 
    VALUES (41, 573.37, 'credit_card', '2025-04-01 07:10:16');
INSERT INTO payments (order_id, amount, payment_method, paid_at) 
    VALUES (42, 681.38, 'bank_transfer', '2025-02-27 01:40:43');
INSERT INTO payments (order_id, amount, payment_method, paid_at) 
    VALUES (43, 555.7, 'paypal', '2025-01-01 19:40:21');
INSERT INTO payments (order_id, amount, payment_method, paid_at) 
    VALUES (44, 237.13, 'credit_card', '2025-02-04 01:54:40');
INSERT INTO payments (order_id, amount, payment_method, paid_at) 
    VALUES (45, 83.49, 'paypal', '2025-03-30 05:13:23');
INSERT INTO payments (order_id, amount, payment_method, paid_at) 
    VALUES (46, 681.15, 'credit_card', '2025-04-15 10:55:09');
INSERT INTO payments (order_id, amount, payment_method, paid_at) 
    VALUES (47, 385.73, 'paypal', '2025-01-14 02:47:43');
INSERT INTO payments (order_id, amount, payment_method, paid_at) 
    VALUES (48, 301.09, 'credit_card', '2025-01-03 15:48:29');
INSERT INTO payments (order_id, amount, payment_method, paid_at) 
    VALUES (49, 154.54, 'credit_card', '2025-01-09 11:47:56');
INSERT INTO payments (order_id, amount, payment_method, paid_at) 
    VALUES (50, 562.06, 'paypal', '2025-01-18 15:35:26');

INSERT INTO shipping (order_id, shipping_address, shipped_at, delivery_status) 
    VALUES (1, '238 Anthony Canyon Suite 642
Johnsonmouth, MT 68499', '2025-02-09 00:41:10', 'shipped');
INSERT INTO shipping (order_id, shipping_address, shipped_at, delivery_status) 
    VALUES (2, 'PSC 5930, Box 6780
APO AE 44841', '2025-03-30 21:08:55', 'delivered');
INSERT INTO shipping (order_id, shipping_address, shipped_at, delivery_status) 
    VALUES (3, '03145 Quinn Underpass
East Barbara, KY 07744', '2025-03-16 06:58:58', 'delivered');
INSERT INTO shipping (order_id, shipping_address, shipped_at, delivery_status) 
    VALUES (4, '726 Robert Loaf
New Crystal, RI 90775', '2025-03-12 10:03:00', 'processing');
INSERT INTO shipping (order_id, shipping_address, shipped_at, delivery_status) 
    VALUES (5, 'PSC 9833, Box 8673
APO AP 96032', '2025-01-16 04:37:51', 'processing');
INSERT INTO shipping (order_id, shipping_address, shipped_at, delivery_status) 
    VALUES (6, '40512 Amy Glens
Port Kristinaberg, NY 28834', '2025-03-28 08:40:39', 'shipped');
INSERT INTO shipping (order_id, shipping_address, shipped_at, delivery_status) 
    VALUES (7, '0394 Matthew Cove Suite 754
West Heidistad, ID 45136', '2025-02-15 03:59:52', 'processing');
INSERT INTO shipping (order_id, shipping_address, shipped_at, delivery_status) 
    VALUES (8, '61842 Mckee Burg
New Ryanville, VT 26845', '2025-04-10 06:17:27', 'processing');
INSERT INTO shipping (order_id, shipping_address, shipped_at, delivery_status) 
    VALUES (9, '86852 Lauren Heights
Gordonport, ND 76557', '2025-02-16 17:01:29', 'delivered');
INSERT INTO shipping (order_id, shipping_address, shipped_at, delivery_status) 
    VALUES (10, '6451 Steven Road
Williamland, NH 53067', '2025-04-04 14:49:46', 'processing');
INSERT INTO shipping (order_id, shipping_address, shipped_at, delivery_status) 
    VALUES (11, '2406 Steven Fall Apt. 163
Conniechester, OR 39207', '2025-04-16 02:09:04', 'processing');
INSERT INTO shipping (order_id, shipping_address, shipped_at, delivery_status) 
    VALUES (12, 'PSC 9066, Box 8533
APO AE 86149', '2025-01-22 01:08:41', 'processing');
INSERT INTO shipping (order_id, shipping_address, shipped_at, delivery_status) 
    VALUES (13, 'USNS Phillips
FPO AA 67447', '2025-02-17 19:24:38', 'shipped');
INSERT INTO shipping (order_id, shipping_address, shipped_at, delivery_status) 
    VALUES (14, '925 Kathleen Ways
West Edwardhaven, PA 32990', '2025-01-20 20:14:41', 'delivered');
INSERT INTO shipping (order_id, shipping_address, shipped_at, delivery_status) 
    VALUES (15, '789 Mitchell Ridges
East Blakefurt, NY 93647', '2025-03-08 00:47:59', 'delivered');
INSERT INTO shipping (order_id, shipping_address, shipped_at, delivery_status) 
    VALUES (16, '1720 Scott Station Suite 547
West Jessicabury, MI 96278', '2025-03-12 07:11:14', 'processing');
INSERT INTO shipping (order_id, shipping_address, shipped_at, delivery_status) 
    VALUES (17, 'Unit 6306 Box 9846
DPO AP 03385', '2025-04-16 20:19:15', 'processing');
INSERT INTO shipping (order_id, shipping_address, shipped_at, delivery_status) 
    VALUES (18, '0621 Brent Point
Tamarastad, OK 11361', '2025-02-13 07:18:50', 'delivered');
INSERT INTO shipping (order_id, shipping_address, shipped_at, delivery_status) 
    VALUES (19, '401 Hill Light Apt. 270
Port Aaron, TX 07011', '2025-01-18 19:57:40', 'processing');
INSERT INTO shipping (order_id, shipping_address, shipped_at, delivery_status) 
    VALUES (20, '337 Collins Turnpike
Jillside, SD 92075', '2025-04-07 12:50:38', 'processing');
INSERT INTO shipping (order_id, shipping_address, shipped_at, delivery_status) 
    VALUES (21, 'Unit 9803 Box 2331
DPO AE 14334', '2025-01-09 01:33:34', 'shipped');
INSERT INTO shipping (order_id, shipping_address, shipped_at, delivery_status) 
    VALUES (22, '967 Foster Street
Jacquelineborough, RI 39755', '2025-04-18 13:28:26', 'shipped');
INSERT INTO shipping (order_id, shipping_address, shipped_at, delivery_status) 
    VALUES (23, '807 Sara Greens Suite 159
Sydneyhaven, NV 59047', '2025-01-21 01:11:28', 'delivered');
INSERT INTO shipping (order_id, shipping_address, shipped_at, delivery_status) 
    VALUES (24, 'PSC 4516, Box 5015
APO AP 14323', '2025-04-19 04:54:36', 'delivered');
INSERT INTO shipping (order_id, shipping_address, shipped_at, delivery_status) 
    VALUES (25, '04718 Victor Freeway
Meredithhaven, WY 35117', '2025-02-08 23:48:32', 'processing');
INSERT INTO shipping (order_id, shipping_address, shipped_at, delivery_status) 
    VALUES (26, 'USCGC Morrison
FPO AA 40715', '2025-03-06 06:29:44', 'delivered');
INSERT INTO shipping (order_id, shipping_address, shipped_at, delivery_status) 
    VALUES (27, '51267 Cervantes Harbors Apt. 287
Greenville, TX 23107', '2025-04-18 08:09:04', 'shipped');
INSERT INTO shipping (order_id, shipping_address, shipped_at, delivery_status) 
    VALUES (28, '5506 Thompson Haven Suite 088
Luisview, RI 82657', '2025-03-04 02:37:01', 'processing');
INSERT INTO shipping (order_id, shipping_address, shipped_at, delivery_status) 
    VALUES (29, '79259 Neal Overpass Apt. 723
Tammyville, SD 06748', '2025-03-15 19:05:19', 'delivered');
INSERT INTO shipping (order_id, shipping_address, shipped_at, delivery_status) 
    VALUES (30, '905 Erika Mount Suite 327
Lake Katrinafurt, AR 35147', '2025-01-21 07:54:32', 'processing');
INSERT INTO shipping (order_id, shipping_address, shipped_at, delivery_status) 
    VALUES (31, '6894 Matthew Prairie
Josephbury, WA 68649', '2025-02-16 05:32:09', 'delivered');
INSERT INTO shipping (order_id, shipping_address, shipped_at, delivery_status) 
    VALUES (32, '650 Jennifer Crescent
North Lori, MD 20121', '2025-02-16 19:03:57', 'delivered');
INSERT INTO shipping (order_id, shipping_address, shipped_at, delivery_status) 
    VALUES (33, '2742 Michael Spring Suite 543
Smithville, PA 43768', '2025-04-20 11:27:33', 'shipped');
INSERT INTO shipping (order_id, shipping_address, shipped_at, delivery_status) 
    VALUES (34, '292 Donald Plaza
South Paul, LA 45626', '2025-04-20 10:07:45', 'shipped');
INSERT INTO shipping (order_id, shipping_address, shipped_at, delivery_status) 
    VALUES (35, '055 Miller Ports
Michaelchester, MN 75887', '2025-02-18 23:52:32', 'shipped');
INSERT INTO shipping (order_id, shipping_address, shipped_at, delivery_status) 
    VALUES (36, '292 Lucas Prairie
New Gabrielview, KS 59044', '2025-02-05 21:48:12', 'shipped');
INSERT INTO shipping (order_id, shipping_address, shipped_at, delivery_status) 
    VALUES (37, '52425 Townsend Landing Suite 452
Rasmussenborough, OR 60759', '2025-03-24 21:32:44', 'processing');
INSERT INTO shipping (order_id, shipping_address, shipped_at, delivery_status) 
    VALUES (38, '52076 Maureen Loaf
Colleenborough, AL 93632', '2025-02-14 12:31:12', 'processing');
INSERT INTO shipping (order_id, shipping_address, shipped_at, delivery_status) 
    VALUES (39, '9666 Kyle Expressway Suite 189
Moorefurt, VT 16982', '2025-02-19 14:40:58', 'delivered');
INSERT INTO shipping (order_id, shipping_address, shipped_at, delivery_status) 
    VALUES (40, '7583 Bradley Burgs Suite 243
Alexisport, NE 96556', '2025-02-14 00:06:31', 'delivered');
INSERT INTO shipping (order_id, shipping_address, shipped_at, delivery_status) 
    VALUES (41, 'PSC 3962, Box 4983
APO AE 51644', '2025-04-20 15:12:13', 'processing');
INSERT INTO shipping (order_id, shipping_address, shipped_at, delivery_status) 
    VALUES (42, '7920 Sandoval Manors Suite 424
Greenbury, NH 26983', '2025-02-05 11:57:45', 'delivered');
INSERT INTO shipping (order_id, shipping_address, shipped_at, delivery_status) 
    VALUES (43, '63846 Kyle Estates Apt. 342
West Jason, OR 21365', '2025-01-12 15:34:21', 'shipped');
INSERT INTO shipping (order_id, shipping_address, shipped_at, delivery_status) 
    VALUES (44, '442 Joshua Village Suite 164
Jenniferside, SC 34666', '2025-01-21 21:47:02', 'delivered');
INSERT INTO shipping (order_id, shipping_address, shipped_at, delivery_status) 
    VALUES (45, 'USS Johnson
FPO AP 56095', '2025-04-04 23:10:04', 'shipped');
INSERT INTO shipping (order_id, shipping_address, shipped_at, delivery_status) 
    VALUES (46, '66194 Barron Valley
North Albert, MN 04195', '2025-03-14 08:19:57', 'delivered');
INSERT INTO shipping (order_id, shipping_address, shipped_at, delivery_status) 
    VALUES (47, '119 Jason Row Suite 201
Lake Michaelchester, UT 85131', '2025-01-23 11:56:36', 'shipped');
INSERT INTO shipping (order_id, shipping_address, shipped_at, delivery_status) 
    VALUES (48, '12432 Robin Lights Suite 330
Robertborough, CT 99229', '2025-03-12 11:30:21', 'delivered');
INSERT INTO shipping (order_id, shipping_address, shipped_at, delivery_status) 
    VALUES (49, '8379 Ashlee Port Apt. 461
North Markville, LA 13324', '2025-02-16 16:57:46', 'processing');
INSERT INTO shipping (order_id, shipping_address, shipped_at, delivery_status) 
    VALUES (50, '116 Hernandez Islands Apt. 232
Lake Ashleymouth, OH 72822', '2025-02-15 15:46:43', 'shipped');
